{"train_steps_per_second":0.687,"train_loss":0.8086635993152368,"eval/steps_per_second":9.378,"train_runtime":177.4794,"_step":24,"_timestamp":1.76484597819531e+09,"eval/samples_per_second":36.174,"_runtime":207,"train/learning_rate":5.504587155963303e-06,"train_samples_per_second":5.443,"_wandb":{"runtime":207},"eval/loss":0.5601250529289246,"total_flos":4.607906112651264e+15,"train/grad_norm":0.4963500499725342,"train/global_step":122,"eval/runtime":0.7464,"train/epoch":2,"train/loss":0.4706}