{"_step":24,"train_steps_per_second":0.745,"eval/loss":0.5601250529289246,"train/grad_norm":0.4963500499725342,"train/learning_rate":5.504587155963303e-06,"eval/runtime":0.7476,"total_flos":4.607906112651264e+15,"_timestamp":1.7648477373623981e+09,"_runtime":167,"train/loss":0.4706,"eval/samples_per_second":36.117,"eval/steps_per_second":9.364,"_wandb":{"runtime":167},"train_samples_per_second":5.901,"train/epoch":2,"train_loss":0.8086635993152368,"train/global_step":122,"train_runtime":163.6877}